PMID,Title,Authors,Citation,First Author,Journal/Book,Publication Year,Create Date,PMCID,NIHMS ID,DOI,Indicator
10501650,Measuring agreement in method comparison studies,"Bland JM, Altman DG.",Stat Methods Med Res. 1999 Jun;8(2):135-60. doi: 10.1177/096228029900800204.,Bland JM,Stat Methods Med Res,1999,########,,,10.1177/096228029900800204,0
26282889,A review of instrumental variable estimators for Mendelian randomization,"Burgess S, Small DS, Thompson SG.",Stat Methods Med Res. 2017 Oct;26(5):2333-2355. doi: 10.1177/0962280215597579. Epub 2015 Aug 17.,Burgess S,Stat Methods Med Res,2017,########,PMC5642006,,10.1177/0962280215597579,0
19654168,Interval censoring,"Zhang Z, Sun J.",Stat Methods Med Res. 2010 Feb;19(1):53-70. doi: 10.1177/0962280209105023. Epub 2009 Aug 4.,Zhang Z,Stat Methods Med Res,2010,8/6/2009,PMC3684949,NIHMS471263,10.1177/0962280209105023,0
17925315,Sympathetic bias,"Levy DM, Peart SJ.",Stat Methods Med Res. 2008 Jun;17(3):265-77. doi: 10.1177/0962280207080642. Epub 2007 Oct 9.,Levy DM,Stat Methods Med Res,2008,########,,,10.1177/0962280207080642,0
9803524,Psychiatric epidemiology,Pickles A.,Stat Methods Med Res. 1998 Sep;7(3):235-51. doi: 10.1177/096228029800700303.,Pickles A,Stat Methods Med Res,1998,########,,,10.1177/096228029800700303,0
1341651,Graphical displays,Wilkinson L.,Stat Methods Med Res. 1992;1(1):3-25. doi: 10.1177/096228029200100102.,Wilkinson L,Stat Methods Med Res,1992,1/1/1992,,,10.1177/096228029200100102,0
34931911,Estimating a time-to-event distribution from right-truncated data in an epidemic: A review of methods,"Seaman SR, Presanis A, Jackson C.",Stat Methods Med Res. 2022 Sep;31(9):1641-1655. doi: 10.1177/09622802211023955. Epub 2021 Dec 21.,Seaman SR,Stat Methods Med Res,2022,########,PMC9465556,EMS144013,10.1177/09622802211023955,0
1341652,Statistical methods in diagnosis,Hand DJ.,Stat Methods Med Res. 1992;1(1):49-67. doi: 10.1177/096228029200100104.,Hand DJ,Stat Methods Med Res,1992,1/1/1992,,,10.1177/096228029200100104,0
22729475,Causal inference with a quantitative exposure,"Zhang Z, Zhou J, Cao W, Zhang J.",Stat Methods Med Res. 2016 Feb;25(1):315-35. doi: 10.1177/0962280212452333. Epub 2012 Jun 22.,Zhang Z,Stat Methods Med Res,2016,########,,,10.1177/0962280212452333,0
11308071,Family-based association studies,Zhao H.,Stat Methods Med Res. 2000 Dec;9(6):563-87. doi: 10.1177/096228020000900604.,Zhao H,Stat Methods Med Res,2000,########,,,10.1177/096228020000900604,0
25217446,Misclassification of outcome in case-control studies: Methods for sensitivity analysis,"Gilbert R, Martin RM, Donovan J, Lane JA, Hamdy F, Neal DE, Metcalfe C.",Stat Methods Med Res. 2016 Oct;25(5):2377-2393. doi: 10.1177/0962280214523192. Epub 2014 Sep 12.,Gilbert R,Stat Methods Med Res,2016,########,,,10.1177/0962280214523192,0
21930515,Probabilistic sensitivity analysis in health economics,"Baio G, Dawid AP.",Stat Methods Med Res. 2015 Dec;24(6):615-34. doi: 10.1177/0962280211419832. Epub 2011 Sep 18.,Baio G,Stat Methods Med Res,2015,########,,,10.1177/0962280211419832,0
35607297,Simulation extrapolation method for measurement error: A review,"Sevilimedu V, Yu L.",Stat Methods Med Res. 2022 Aug;31(8):1617-1636. doi: 10.1177/09622802221102619. Epub 2022 May 23.,Sevilimedu V,Stat Methods Med Res,2022,########,PMC10062410,NIHMS1873550,10.1177/09622802221102619,0
19654170,Pseudo-observations in survival analysis,"Andersen PK, Perme MP.",Stat Methods Med Res. 2010 Feb;19(1):71-99. doi: 10.1177/0962280209105020. Epub 2009 Aug 4.,Andersen PK,Stat Methods Med Res,2010,8/6/2009,,,10.1177/0962280209105020,0
27072505,Statistical methods for body mass index: A selective review,"Yu K, Liu X, Alhamzawi R, Becker F, Lord J.",Stat Methods Med Res. 2018 Mar;27(3):798-811. doi: 10.1177/0962280216643117. Epub 2016 Apr 11.,Yu K,Stat Methods Med Res,2018,########,,,10.1177/0962280216643117,0
9803527,Measurement reliability and agreement in psychiatry,Shrout PE.,Stat Methods Med Res. 1998 Sep;7(3):301-17. doi: 10.1177/096228029800700306.,Shrout PE,Stat Methods Med Res,1998,########,,,10.1177/096228029800700306,0
15690998,Empirical Bayes methods for disease mapping,"Leyland AH, Davies CA.",Stat Methods Med Res. 2005 Feb;14(1):17-34. doi: 10.1191/0962280205sm387oa.,Leyland AH,Stat Methods Med Res,2005,2/5/2005,,,10.1191/0962280205sm387oa,0
19608605,Flexible survival regression modelling,"Cortese G, Scheike TH, Martinussen T.",Stat Methods Med Res. 2010 Feb;19(1):5-28. doi: 10.1177/0962280209105022. Epub 2009 Jul 16.,Cortese G,Stat Methods Med Res,2010,########,,,10.1177/0962280209105022,0
34569883,Commentary on the use of the reproduction number R during the COVID-19 pandemic,"Vegvari C, Abbott S, Ball F, Brooks-Pollock E, Challen R, Collyer BS, Dangerfield C, Gog JR, Gostic KM, Heffernan JM, Hollingsworth TD, Isham V, Kenah E, Mollison D, Panovska-Griffiths J, Pellis L, Roberts MG, Scalia Tomba G, Thompson RN, Trapman P.",Stat Methods Med Res. 2022 Sep;31(9):1675-1685. doi: 10.1177/09622802211037079. Epub 2021 Sep 27.,Vegvari C,Stat Methods Med Res,2022,########,PMC9277711,NIHMS1815225,10.1177/09622802211037079,0
23487019,Growth charts of human development,van Buuren S.,Stat Methods Med Res. 2014 Aug;23(4):346-68. doi: 10.1177/0962280212473300. Epub 2013 Mar 12.,van Buuren S,Stat Methods Med Res,2014,########,,,10.1177/0962280212473300,0
37011026,Role of calibration in uncertainty-based referral for deep learning,"Zhang R, Gatsonis C, Steingrimsson JA.",Stat Methods Med Res. 2023 May;32(5):927-943. doi: 10.1177/09622802231158811. Epub 2023 Apr 3.,Zhang R,Stat Methods Med Res,2023,4/3/2023,PMC10387358,NIHMS1916480,10.1177/09622802231158811,0
8743079,The analysis of the EEG,"Gasser T, Molinari L.",Stat Methods Med Res. 1996 Mar;5(1):67-99. doi: 10.1177/096228029600500105.,Gasser T,Stat Methods Med Res,1996,3/1/1996,,,10.1177/096228029600500105,0
11329691,Genetic linkage methods for quantitative traits,"Amos CI, de Andrade M.",Stat Methods Med Res. 2001 Feb;10(1):3-25. doi: 10.1177/096228020101000102.,Amos CI,Stat Methods Med Res,2001,5/2/2001,,,10.1177/096228020101000102,0
22218366,Meta-analysis of incidence of rare events,Lane PW.,Stat Methods Med Res. 2013 Apr;22(2):117-32. doi: 10.1177/0962280211432218. Epub 2012 Jan 4.,Lane PW,Stat Methods Med Res,2013,1/6/2012,,,10.1177/0962280211432218,1
8261252,Martingale methods for the analysis of epidemic data,Becker NG.,Stat Methods Med Res. 1993;2(1):93-112. doi: 10.1177/096228029300200106.,Becker NG,Stat Methods Med Res,1993,1/1/1993,,,10.1177/096228029300200106,0
12040694,Analysis of repeated events,"Cook RJ, Lawless JF.",Stat Methods Med Res. 2002 Apr;11(2):141-66. doi: 10.1191/0962280202sm278ra.,Cook RJ,Stat Methods Med Res,2002,6/4/2002,,,10.1191/0962280202sm278ra,0
22138688,Methods for observational post-licensure medical product safety surveillance,"Nelson JC, Cook AJ, Yu O, Zhao S, Jackson LA, Psaty BM.",Stat Methods Med Res. 2015 Apr;24(2):177-93. doi: 10.1177/0962280211413452. Epub 2011 Dec 2.,Nelson JC,Stat Methods Med Res,2015,########,,,10.1177/0962280211413452,0
19654171,Survival analysis with high-dimensional covariates,"Witten DM, Tibshirani R.",Stat Methods Med Res. 2010 Feb;19(1):29-51. doi: 10.1177/0962280209105024. Epub 2009 Aug 4.,Witten DM,Stat Methods Med Res,2010,8/6/2009,PMC4806549,NIHMS770563,10.1177/0962280209105024,0
37559474,Missing values and inconclusive results in diagnostic studies - A scoping review of methods,"Stahlmann K, Reitsma JB, Zapf A.",Stat Methods Med Res. 2023 Sep;32(9):1842-1855. doi: 10.1177/09622802231192954. Epub 2023 Aug 9.,Stahlmann K,Stat Methods Med Res,2023,########,PMC10540494,,10.1177/09622802231192954,0
9339497,Medical image analysis with fuzzy models,"Bezdek JC, Hall LO, Clark MC, Goldgof DB, Clarke LP.",Stat Methods Med Res. 1997 Sep;6(3):191-214. doi: 10.1177/096228029700600302.,Bezdek JC,Stat Methods Med Res,1997,########,,,10.1177/096228029700600302,0
17925317,On improving research methodology in clinical trials,"Berger VW, Matthews JR, Grosch EN.",Stat Methods Med Res. 2008 Jun;17(3):231-42. doi: 10.1177/0962280207080639. Epub 2007 Oct 9.,Berger VW,Stat Methods Med Res,2008,########,,,10.1177/0962280207080639,0
19654169,Model diagnostics for multi-state models,"Titman AC, Sharples LD.",Stat Methods Med Res. 2010 Dec;19(6):621-51. doi: 10.1177/0962280209105541. Epub 2009 Aug 4.,Titman AC,Stat Methods Med Res,2010,8/6/2009,,,10.1177/0962280209105541,0
1341659,Longitudinal studies with continuous responses,"Laird NM, Donnelly C, Ware JH.",Stat Methods Med Res. 1992;1(3):225-47. doi: 10.1177/096228029200100302.,Laird NM,Stat Methods Med Res,1992,1/1/1992,,,10.1177/096228029200100302,0
22523185,The analysis of multivariate longitudinal data: a review,"Verbeke G, Fieuws S, Molenberghs G, Davidian M.",Stat Methods Med Res. 2014 Feb;23(1):42-59. doi: 10.1177/0962280212445834. Epub 2012 Apr 20.,Verbeke G,Stat Methods Med Res,2014,########,PMC3404254,NIHMS350024,10.1177/0962280212445834,0
20974666,An overview of robust methods in medical research,"Farcomeni A, Ventura L.",Stat Methods Med Res. 2012 Apr;21(2):111-33. doi: 10.1177/0962280210385865. Epub 2010 Oct 25.,Farcomeni A,Stat Methods Med Res,2012,########,,,10.1177/0962280210385865,0
15516031,Two-mode clustering methods: a structured overview,"Van Mechelen I, Bock HH, De Boeck P.",Stat Methods Med Res. 2004 Oct;13(5):363-94. doi: 10.1191/0962280204sm373ra.,Van Mechelen I,Stat Methods Med Res,2004,########,,,10.1191/0962280204sm373ra,0
20810456,Goodness-of-fit tests for correlated paired binary data,"Tang ML, Pei YB, Wong WK, Li JL.",Stat Methods Med Res. 2012 Aug;21(4):331-45. doi: 10.1177/0962280210381176. Epub 2010 Sep 1.,Tang ML,Stat Methods Med Res,2012,9/3/2010,,,10.1177/0962280210381176,0
11338334,Advances in medical statistics arising from the AIDS epidemic,"Becker NG, Marschner IC.",Stat Methods Med Res. 2001 Apr;10(2):117-40. doi: 10.1177/096228020101000204.,Becker NG,Stat Methods Med Res,2001,5/8/2001,,,10.1177/096228020101000204,0
8261259,Analysis of DNA sequences,Weir BS.,Stat Methods Med Res. 1993;2(3):225-39. doi: 10.1177/096228029300200303.,Weir BS,Stat Methods Med Res,1993,1/1/1993,,,10.1177/096228029300200303,0
1341661,Incomplete data in repeated measures analysis,"Gornbein JA, Lazaro CG, Little RJ.",Stat Methods Med Res. 1992;1(3):275-95. doi: 10.1177/096228029200100304.,Gornbein JA,Stat Methods Med Res,1992,1/1/1992,,,10.1177/096228029200100304,0
11084714,Data mining and electroencephalography,Flexer A.,Stat Methods Med Res. 2000 Aug;9(4):395-413. doi: 10.1177/096228020000900405.,Flexer A,Stat Methods Med Res,2000,########,,,10.1177/096228020000900405,0
30943855,Combining biomarker and self-reported dietary intake data: A review of the state of the art and an exposition of concepts,"Gormley IC, Bai Y, Brennan L.",Stat Methods Med Res. 2020 Feb;29(2):617-635. doi: 10.1177/0962280219837698. Epub 2019 Apr 4.,Gormley IC,Stat Methods Med Res,2020,4/5/2019,,,10.1177/0962280219837698,0
11491414,Bayesian methods in meta-analysis and evidence synthesis,"Sutton AJ, Abrams KR.",Stat Methods Med Res. 2001 Aug;10(4):277-303. doi: 10.1177/096228020101000404.,Sutton AJ,Stat Methods Med Res,2001,8/9/2001,,,10.1177/096228020101000404,1
20212072,A review of multivariate longitudinal data analysis,"Bandyopadhyay S, Ganguli B, Chatterjee A.",Stat Methods Med Res. 2011 Aug;20(4):299-330. doi: 10.1177/0962280209340191. Epub 2010 Mar 8.,Bandyopadhyay S,Stat Methods Med Res,2011,########,,,10.1177/0962280209340191,0
15691000,Towards joint disease mapping,"Held L, Natário I, Fenton SE, Rue H, Becker N.",Stat Methods Med Res. 2005 Feb;14(1):61-82. doi: 10.1191/0962280205sm389oa.,Held L,Stat Methods Med Res,2005,2/5/2005,,,10.1191/0962280205sm389oa,0
30203707,A review and empirical comparison of causal inference methods for clustered observational data with application to the evaluation of the effectiveness of medical devices,"Cafri G, Wang W, Chan PH, Austin PC.",Stat Methods Med Res. 2019 Oct-Nov;28(10-11):3142-3162. doi: 10.1177/0962280218799540. Epub 2018 Sep 11.,Cafri G,Stat Methods Med Res,2019,########,,,10.1177/0962280218799540,0
34468233,Assigning readers to cases in imaging studies using balanced incomplete block designs,"Huang EP, Shih JH.",Stat Methods Med Res. 2021 Oct;30(10):2288-2312. doi: 10.1177/09622802211037074. Epub 2021 Sep 1.,Huang EP,Stat Methods Med Res,2021,9/1/2021,,,10.1177/09622802211037074,0
25834090,A comparative review of methods for comparing means using partially paired data,"Guo B, Yuan Y.",Stat Methods Med Res. 2017 Jun;26(3):1323-1340. doi: 10.1177/0962280215577111. Epub 2015 Apr 1.,Guo B,Stat Methods Med Res,2017,4/3/2015,,,10.1177/0962280215577111,0
11308070,Statistical designs for familial aggregation,"Liang KY, Beaty TH.",Stat Methods Med Res. 2000 Dec;9(6):543-62. doi: 10.1177/096228020000900603.,Liang KY,Stat Methods Med Res,2000,########,,,10.1177/096228020000900603,0
16615653,Design and analysis of time-to-pregnancy,"Scheike TH, Keiding N.",Stat Methods Med Res. 2006 Apr;15(2):127-40. doi: 10.1191/0962280206sm435oa.,Scheike TH,Stat Methods Med Res,2006,########,,,10.1191/0962280206sm435oa,0
10501649,The interpretation of diagnostic tests,Shapiro DE.,Stat Methods Med Res. 1999 Jun;8(2):113-34. doi: 10.1177/096228029900800203.,Shapiro DE,Stat Methods Med Res,1999,########,,,10.1177/096228029900800203,0
9339500,Statistical methods in computational anatomy,"Miller M, Banerjee A, Christensen G, Joshi S, Khaneja N, Grenander U, Matejic L.",Stat Methods Med Res. 1997 Sep;6(3):267-99. doi: 10.1177/096228029700600305.,Miller M,Stat Methods Med Res,1997,########,,,10.1177/096228029700600305,0
12040698,Multi-state models for event history analysis,"Andersen PK, Keiding N.",Stat Methods Med Res. 2002 Apr;11(2):91-115. doi: 10.1191/0962280202SM276ra.,Andersen PK,Stat Methods Med Res,2002,6/4/2002,,,10.1191/0962280202SM276ra,0
8931194,Handling missing data in survey research,"Brick JM, Kalton G.",Stat Methods Med Res. 1996 Sep;5(3):215-38. doi: 10.1177/096228029600500302.,Brick JM,Stat Methods Med Res,1996,9/1/1996,,,10.1177/096228029600500302,0
26048902,Decision-theoretic designs for small trials and pilot studies: A review,"Hee SW, Hamborg T, Day S, Madan J, Miller F, Posch M, Zohar S, Stallard N.",Stat Methods Med Res. 2016 Jun;25(3):1022-38. doi: 10.1177/0962280215588245. Epub 2015 Jun 5.,Hee SW,Stat Methods Med Res,2016,6/7/2015,PMC4876428,,10.1177/0962280215588245,0
9533259,Longitudinal models for AIDS marker data,"Boscardin WJ, Taylor JM, Law N.",Stat Methods Med Res. 1998 Mar;7(1):13-27. doi: 10.1177/096228029800700103.,Boscardin WJ,Stat Methods Med Res,1998,4/9/1998,,,10.1177/096228029800700103,0
10501648,Calculating reference intervals for laboratory measurements,"Wright EM, Royston P.",Stat Methods Med Res. 1999 Jun;8(2):93-112. doi: 10.1177/096228029900800202.,Wright EM,Stat Methods Med Res,1999,########,,,10.1177/096228029900800202,0
36951095,Identifying regions of interest in mammogram images,"Jiang S, Cao J, Colditz GA.",Stat Methods Med Res. 2023 May;32(5):895-903. doi: 10.1177/09622802231160551. Epub 2023 Mar 23.,Jiang S,Stat Methods Med Res,2023,########,PMC10247406,NIHMS1888471,10.1177/09622802231160551,0
1341655,Design and analysis of reliability studies,Dunn G.,Stat Methods Med Res. 1992;1(2):123-57. doi: 10.1177/096228029200100202.,Dunn G,Stat Methods Med Res,1992,1/1/1992,,,10.1177/096228029200100202,0
1341654,Correspondence analysis in medical research,Greenacre M.,Stat Methods Med Res. 1992;1(1):97-117. doi: 10.1177/096228029200100106.,Greenacre M,Stat Methods Med Res,1992,1/1/1992,,,10.1177/096228029200100106,0
12828240,Extending backcalculation to analyse BSE data,"Donnelly CA, Ferguson NM, Ghani AC, Anderson RM.",Stat Methods Med Res. 2003 Jun;12(3):177-90. doi: 10.1191/0962280203sm337ra.,Donnelly CA,Stat Methods Med Res,2003,########,,,10.1191/0962280203sm337ra,0
21163849,A review of causal estimation of effects in mediation analyses,"Ten Have TR, Joffe MM.",Stat Methods Med Res. 2012 Feb;21(1):77-107. doi: 10.1177/0962280210391076. Epub 2010 Dec 16.,Ten Have TR,Stat Methods Med Res,2012,########,,,10.1177/0962280210391076,0
8817794,An introduction to finite mixture distributions,Everitt BS.,Stat Methods Med Res. 1996 Jun;5(2):107-27. doi: 10.1177/096228029600500202.,Everitt BS,Stat Methods Med Res,1996,6/1/1996,,,10.1177/096228029600500202,0
9447652,Carcinogenesis models for risk assessment,Kopp-Schneider A.,Stat Methods Med Res. 1997 Dec;6(4):317-40. doi: 10.1177/096228029700600403.,Kopp-Schneider A,Stat Methods Med Res,1997,2/3/1998,,,10.1177/096228029700600403,0
9654640,Statistical methods in genetic research on smoking,"Heath AC, Madden PA, Martin NG.",Stat Methods Med Res. 1998 Jun;7(2):165-86. doi: 10.1177/096228029800700205.,Heath AC,Stat Methods Med Res,1998,7/9/1998,,,10.1177/096228029800700205,0
19153168,Probabilistic models and machine learning in structural bioinformatics,Hamelryck T.,Stat Methods Med Res. 2009 Oct;18(5):505-26. doi: 10.1177/0962280208099492. Epub 2009 Jan 19.,Hamelryck T,Stat Methods Med Res,2009,########,,,10.1177/0962280208099492,0
34232832,Modeling the probability of occurrence of events,"Bottai M, Discacciati A, Santoni G.",Stat Methods Med Res. 2021 Aug;30(8):1976-1987. doi: 10.1177/09622802211022403. Epub 2021 Jul 7.,Bottai M,Stat Methods Med Res,2021,7/7/2021,,,10.1177/09622802211022403,0
10636336,A regulatory perspective on pharmacokinetic/pharmacodynamic modelling,"Machado SG, Miller R, Hu C.",Stat Methods Med Res. 1999 Sep;8(3):217-45. doi: 10.1177/096228029900800304.,Machado SG,Stat Methods Med Res,1999,########,,,10.1177/096228029900800304,0
25348675,Analysis of case-cohort designs with binary outcomes: Improving efficiency using whole-cohort auxiliary information,"Noma H, Tanaka S.",Stat Methods Med Res. 2017 Apr;26(2):691-706. doi: 10.1177/0962280214556175. Epub 2014 Oct 26.,Noma H,Stat Methods Med Res,2017,########,,,10.1177/0962280214556175,0
11338337,Statistical advances in AIDS therapy trials,"Albert JM, Yun H.",Stat Methods Med Res. 2001 Apr;10(2):85-100. doi: 10.1177/096228020101000202.,Albert JM,Stat Methods Med Res,2001,5/8/2001,,,10.1177/096228020101000202,0
9871952,Evaluation of diagnostic tests without gold standards,"Hui SL, Zhou XH.",Stat Methods Med Res. 1998 Dec;7(4):354-70. doi: 10.1177/096228029800700404.,Hui SL,Stat Methods Med Res,1998,1/1/1999,,,10.1177/096228029800700404,0
17925316,Evaluation of networks of randomized trials,"Salanti G, Higgins JP, Ades AE, Ioannidis JP.",Stat Methods Med Res. 2008 Jun;17(3):279-301. doi: 10.1177/0962280207080643. Epub 2007 Oct 9.,Salanti G,Stat Methods Med Res,2008,########,,,10.1177/0962280207080643,0
24919831,Quantitative imaging biomarkers: a review of statistical methods for technical performance assessment,"Raunig DL, McShane LM, Pennello G, Gatsonis C, Carson PL, Voyvodic JT, Wahl RL, Kurland BF, Schwarz AJ, Gönen M, Zahlmann G, Kondratovich MV, O'Donnell K, Petrick N, Cole PE, Garra B, Sullivan DC; QIBA Technical Performance Working Group.",Stat Methods Med Res. 2015 Feb;24(1):27-67. doi: 10.1177/0962280214537344. Epub 2014 Jun 11.,Raunig DL,Stat Methods Med Res,2015,########,PMC5574197,NIHMS830584,10.1177/0962280214537344,0
10636338,Clinical cross-over trials in phase I,"Senn S, Ezzet F.",Stat Methods Med Res. 1999 Sep;8(3):263-78. doi: 10.1177/096228029900800306.,Senn S,Stat Methods Med Res,1999,########,,,10.1177/096228029900800306,0
23035034,Bayesian point event modeling in spatial and environmental epidemiology,Lawson AB.,Stat Methods Med Res. 2012 Oct;21(5):509-29. doi: 10.1177/0962280212446328.,Lawson AB,Stat Methods Med Res,2012,########,,,10.1177/0962280212446328,0
19608600,Latent mixture models for multivariate and longitudinal outcomes,"Pickles A, Croudace T.",Stat Methods Med Res. 2010 Jun;19(3):271-89. doi: 10.1177/0962280209105016. Epub 2009 Jul 16.,Pickles A,Stat Methods Med Res,2010,########,,,10.1177/0962280209105016,0
8261260,Forensic inference from genetic markers,Devlin B.,Stat Methods Med Res. 1993;2(3):241-62. doi: 10.1177/096228029300200304.,Devlin B,Stat Methods Med Res,1993,1/1/1993,,,10.1177/096228029300200304,0
11308072,Risk models in genetic epidemiology,Claus EB.,Stat Methods Med Res. 2000 Dec;9(6):589-601. doi: 10.1177/096228020000900605.,Claus EB,Stat Methods Med Res,2000,########,,,10.1177/096228020000900605,0
7582202,Spatial statistical methods in environmental epidemiology: a critique,"Elliott P, Martuzzi M, Shaddick G.",Stat Methods Med Res. 1995 Jun;4(2):137-59. doi: 10.1177/096228029500400204.,Elliott P,Stat Methods Med Res,1995,6/1/1995,,,10.1177/096228029500400204,0
24919829,Quantitative imaging biomarkers: a review of statistical methods for computer algorithm comparisons,"Obuchowski NA, Reeves AP, Huang EP, Wang XF, Buckler AJ, Kim HJ, Barnhart HX, Jackson EF, Giger ML, Pennello G, Toledano AY, Kalpathy-Cramer J, Apanasovich TV, Kinahan PE, Myers KJ, Goldgof DB, Barboriak DP, Gillies RJ, Schwartz LH, Sullivan DC; Algorithm Comparison Working Group.",Stat Methods Med Res. 2015 Feb;24(1):68-106. doi: 10.1177/0962280214537390. Epub 2014 Jun 11.,Obuchowski NA,Stat Methods Med Res,2015,########,PMC4263694,NIHMS611119,10.1177/0962280214537390,0
21216803,Practical methods for competing risks data: a review,"Bakoyannis G, Touloumi G.",Stat Methods Med Res. 2012 Jun;21(3):257-72. doi: 10.1177/0962280210394479. Epub 2011 Jan 7.,Bakoyannis G,Stat Methods Med Res,2012,########,,,10.1177/0962280210394479,0
7952430,Combining estimates of the odds ratio: the state of the art,Emerson JD.,Stat Methods Med Res. 1994;3(2):157-78. doi: 10.1177/096228029400300204.,Emerson JD,Stat Methods Med Res,1994,1/1/1994,,,10.1177/096228029400300204,0
31072213,"Refusal bias in HIV data from the Demographic and Health Surveys: Evaluation, critique and recommendations","Adegboye OA, Fujii T, Leung DH.",Stat Methods Med Res. 2020 Mar;29(3):811-826. doi: 10.1177/0962280219844536. Epub 2019 May 9.,Adegboye OA,Stat Methods Med Res,2020,########,,,10.1177/0962280219844536,0
8817797,Latent class analysis in medical research,"Formann AK, Kohlmann T.",Stat Methods Med Res. 1996 Jun;5(2):179-211. doi: 10.1177/096228029600500205.,Formann AK,Stat Methods Med Res,1996,6/1/1996,,,10.1177/096228029600500205,0
9803526,Statistical methods in psychiatric genetics,Sham PC.,Stat Methods Med Res. 1998 Sep;7(3):279-300. doi: 10.1177/096228029800700305.,Sham PC,Stat Methods Med Res,1998,########,,,10.1177/096228029800700305,0
11084712,Knowledge discovery and data mining in toxicology,"Helma C, Gottmann E, Kramer S.",Stat Methods Med Res. 2000 Aug;9(4):329-58. doi: 10.1177/096228020000900403.,Helma C,Stat Methods Med Res,2000,########,,,10.1177/096228020000900403,0
11329690,Allele-sharing among affected relatives: non-parametric methods for identifying genes,"Shih MC, Whittemore AS.",Stat Methods Med Res. 2001 Feb;10(1):27-55. doi: 10.1177/096228020101000103.,Shih MC,Stat Methods Med Res,2001,5/2/2001,,,10.1177/096228020101000103,0
23804970,Statistical methods for multivariate meta-analysis of diagnostic tests: An overview and tutorial,"Ma X, Nie L, Cole SR, Chu H.",Stat Methods Med Res. 2016 Aug;25(4):1596-619. doi: 10.1177/0962280213492588. Epub 2013 Jun 26.,Ma X,Stat Methods Med Res,2016,########,PMC3883791,NIHMS536823,10.1177/0962280213492588,1
26031358,A review of statistical designs for improving the efficiency of phase II studies in oncology,"Wason JM, Jaki T.",Stat Methods Med Res. 2016 Jun;25(3):1010-21. doi: 10.1177/0962280215588247. Epub 2015 May 31.,Wason JM,Stat Methods Med Res,2016,6/3/2015,,,10.1177/0962280215588247,0
9654638,Lung cancer and passive smoking,Hackshaw AK.,Stat Methods Med Res. 1998 Jun;7(2):119-36. doi: 10.1177/096228029800700203.,Hackshaw AK,Stat Methods Med Res,1998,7/9/1998,,,10.1177/096228029800700203,0
7613637,Modelling issues in cancer screening,"van Oortmarssen GJ, Boer R, Habbema JD.",Stat Methods Med Res. 1995 Mar;4(1):33-54. doi: 10.1177/096228029500400104.,van Oortmarssen GJ,Stat Methods Med Res,1995,3/1/1995,,,10.1177/096228029500400104,0
17656454,Bayesian methods for latent trait modelling of longitudinal data,Dunson DB.,Stat Methods Med Res. 2007 Oct;16(5):399-415. doi: 10.1177/0962280206075309. Epub 2007 Jul 26.,Dunson DB,Stat Methods Med Res,2007,########,,,10.1177/0962280206075309,0
19608604,Inference for non-regular parameters in optimal dynamic treatment regimes,"Chakraborty B, Murphy S, Strecher V.",Stat Methods Med Res. 2010 Jun;19(3):317-43. doi: 10.1177/0962280209105013. Epub 2009 Jul 16.,Chakraborty B,Stat Methods Med Res,2010,########,PMC2891316,NIHMS100083,10.1177/0962280209105013,0
22425657,Response-adaptive designs for continuous treatment responses in phase III clinical trials: A review,"Biswas A, Bhattacharya R.",Stat Methods Med Res. 2016 Feb;25(1):81-100. doi: 10.1177/0962280212441424. Epub 2012 Mar 16.,Biswas A,Stat Methods Med Res,2016,########,,,10.1177/0962280212441424,0
15068257,Patient reported outcomes as endpoints in medical research,Fairclough DL.,Stat Methods Med Res. 2004 Apr;13(2):115-38. doi: 10.1191/0962280204sm357ra.,Fairclough DL,Stat Methods Med Res,2004,4/8/2004,,,10.1191/0962280204sm357ra,0
18562397,A comparison of methods for estimating the random effects distribution of a linear mixed model,"Ghidey W, Lesaffre E, Verbeke G.",Stat Methods Med Res. 2010 Dec;19(6):575-600. doi: 10.1177/0962280208091686. Epub 2008 Jun 18.,Ghidey W,Stat Methods Med Res,2010,########,,,10.1177/0962280208091686,0
19036909,Estimating dose-response effects in psychological treatment trials: the role of instrumental variables,"Maracy M, Dunn G.",Stat Methods Med Res. 2011 Jun;20(3):191-215. doi: 10.1177/0962280208097243. Epub 2008 Nov 26.,Maracy M,Stat Methods Med Res,2011,########,,,10.1177/0962280208097243,0
18375458,Robust techniques for measurement error correction: a review,Guolo A.,Stat Methods Med Res. 2008 Dec;17(6):555-80. doi: 10.1177/0962280207081318. Epub 2008 Mar 28.,Guolo A,Stat Methods Med Res,2008,4/1/2008,,,10.1177/0962280207081318,0
8261250,Statistical modelling of measles and influenza outbreaks,"Cliff AD, Haggett P.",Stat Methods Med Res. 1993;2(1):43-73. doi: 10.1177/096228029300200104.,Cliff AD,Stat Methods Med Res,1993,1/1/1993,,,10.1177/096228029300200104,0
1341653,Principal component analysis and exploratory factor analysis,"Joliffe IT, Morgan BJ.",Stat Methods Med Res. 1992;1(1):69-95. doi: 10.1177/096228029200100105.,Joliffe IT,Stat Methods Med Res,1992,1/1/1992,,,10.1177/096228029200100105,0
8044353,Statistical models for PET and SPECT data,Kay J.,Stat Methods Med Res. 1994;3(1):5-21. doi: 10.1177/096228029400300102.,Kay J,Stat Methods Med Res,1994,1/1/1994,,,10.1177/096228029400300102,0
8817796,Mixture distributions in human genetics research,"Schork NJ, Allison DB, Thiel B.",Stat Methods Med Res. 1996 Jun;5(2):155-78. doi: 10.1177/096228029600500204.,Schork NJ,Stat Methods Med Res,1996,6/1/1996,,,10.1177/096228029600500204,0
22517270,Joint latent class models for longitudinal and time-to-event data: a review,"Proust-Lima C, Séne M, Taylor JM, Jacqmin-Gadda H.",Stat Methods Med Res. 2014 Feb;23(1):74-90. doi: 10.1177/0962280212445839. Epub 2012 Apr 19.,Proust-Lima C,Stat Methods Med Res,2014,########,PMC5863083,NIHMS949629,10.1177/0962280212445839,0
33826459,A review of multistate modelling approaches in monitoring disease progression: Bayesian estimation using the Kolmogorov-Chapman forward equations,"Matsena Zingoni Z, Chirwa TF, Todd J, Musenge E.",Stat Methods Med Res. 2021 May;30(5):1373-1392. doi: 10.1177/0962280221997507. Epub 2021 Apr 7.,Matsena Zingoni Z,Stat Methods Med Res,2021,4/7/2021,PMC7612622,EMS144247,10.1177/0962280221997507,0
24872353,Meta-analysis of the technical performance of an imaging procedure: guidelines and statistical methodology,"Huang EP, Wang XF, Choudhury KR, McShane LM, Gönen M, Ye J, Buckler AJ, Kinahan PE, Reeves AP, Jackson EF, Guimaraes AR, Zahlmann G; Meta-Analysis Working Group.",Stat Methods Med Res. 2015 Feb;24(1):141-74. doi: 10.1177/0962280214537394. Epub 2014 May 28.,Huang EP,Stat Methods Med Res,2015,########,PMC5226954,NIHMS840124,10.1177/0962280214537394,1
12040695,Inference for multi-state models from interval-censored data,Commenges D.,Stat Methods Med Res. 2002 Apr;11(2):167-82. doi: 10.1191/0962280202sm279ra.,Commenges D,Stat Methods Med Res,2002,6/4/2002,,,10.1191/0962280202sm279ra,0
10501651,Modelling method comparison data,"Dunn G, Roberts C.",Stat Methods Med Res. 1999 Jun;8(2):161-79. doi: 10.1177/096228029900800205.,Dunn G,Stat Methods Med Res,1999,########,,,10.1177/096228029900800205,0
7613636,Design and analysis of cancer screening trials,"Etzioni RD, Connor RJ, Porok PC, Self SG.",Stat Methods Med Res. 1995 Mar;4(1):3-17. doi: 10.1177/096228029500400102.,Etzioni RD,Stat Methods Med Res,1995,3/1/1995,,,10.1177/096228029500400102,0
9803525,The use of multivariate statistical methods in psychiatry,"Everitt BS, Landau S.",Stat Methods Med Res. 1998 Sep;7(3):253-77. doi: 10.1177/096228029800700304.,Everitt BS,Stat Methods Med Res,1998,########,,,10.1177/096228029800700304,0
11191262,An overview of group sequential methods in longitudinal clinical trials,"Spiessens B, Lesaffre E, Verbeke G, Kim K, DeMets DL.",Stat Methods Med Res. 2000 Oct;9(5):497-515. doi: 10.1177/096228020000900506.,Spiessens B,Stat Methods Med Res,2000,########,,,10.1177/096228020000900506,0
11308069,Introduction and overview. Statistical methods in genetic epidemiology,Elston RC.,Stat Methods Med Res. 2000 Dec;9(6):527-41. doi: 10.1177/096228020000900602.,Elston RC,Stat Methods Med Res,2000,########,,,10.1177/096228020000900602,0
19608601,Mediation and moderation of treatment effects in randomised controlled trials of complex interventions,"Emsley R, Dunn G, White IR.",Stat Methods Med Res. 2010 Jun;19(3):237-70. doi: 10.1177/0962280209105014. Epub 2009 Jul 16.,Emsley R,Stat Methods Med Res,2010,########,,,10.1177/0962280209105014,0
18815164,Efficient sampling approaches to address confounding in database studies,"Hanley JA, Dendukuri N.",Stat Methods Med Res. 2009 Feb;18(1):81-105. doi: 10.1177/0962280208096046. Epub 2008 Sep 24.,Hanley JA,Stat Methods Med Res,2009,########,,,10.1177/0962280208096046,0
11084711,Data mining: data analysis on a grand scale?,Smyth P.,Stat Methods Med Res. 2000 Aug;9(4):309-27. doi: 10.1177/096228020000900402.,Smyth P,Stat Methods Med Res,2000,########,,,10.1177/096228020000900402,0
31571526,Sample size considerations for comparing dynamic treatment regimens in a sequential multiple-assignment randomized trial with a continuous longitudinal outcome,"Seewald NJ, Kidwell KM, Nahum-Shani I, Wu T, McKay JR, Almirall D.",Stat Methods Med Res. 2020 Jul;29(7):1891-1912. doi: 10.1177/0962280219877520. Epub 2019 Oct 1.,Seewald NJ,Stat Methods Med Res,2020,########,PMC7108977,NIHMS1062859,10.1177/0962280219877520,0
18562398,Use of disease risk scores in pharmacoepidemiologic studies,"Arbogast PG, Ray WA.",Stat Methods Med Res. 2009 Feb;18(1):67-80. doi: 10.1177/0962280208092347. Epub 2008 Jun 18.,Arbogast PG,Stat Methods Med Res,2009,########,,,10.1177/0962280208092347,0
14653352,Bayesian techniques for sample size determination in clinical trials: a short review,Pezeshk H.,Stat Methods Med Res. 2003 Dec;12(6):489-504. doi: 10.1191/0962280203sm345oa.,Pezeshk H,Stat Methods Med Res,2003,########,,,10.1191/0962280203sm345oa,0
8931197,Variance estimation for complex surveys using replication techniques,"Rust KF, Rao JN.",Stat Methods Med Res. 1996 Sep;5(3):283-310. doi: 10.1177/096228029600500305.,Rust KF,Stat Methods Med Res,1996,9/1/1996,,,10.1177/096228029600500305,0
1341650,Cluster analysis and related techniques in medical research,McLachlan GJ.,Stat Methods Med Res. 1992;1(1):27-48. doi: 10.1177/096228029200100103.,McLachlan GJ,Stat Methods Med Res,1992,1/1/1992,,,10.1177/096228029200100103,0
9871953,Sample size calculations in studies of test accuracy,Obuchowski NA.,Stat Methods Med Res. 1998 Dec;7(4):371-92. doi: 10.1177/096228029800700405.,Obuchowski NA,Stat Methods Med Res,1998,1/1/1999,,,10.1177/096228029800700405,0
19608602,A unified framework for the evaluation of surrogate endpoints in mental-health clinical trials,"Molenberghs G, Burzykowski T, Alonso A, Assam P, Tilahun A, Buyse M.",Stat Methods Med Res. 2010 Jun;19(3):205-36. doi: 10.1177/0962280209105015. Epub 2009 Jul 16.,Molenberghs G,Stat Methods Med Res,2010,########,,,10.1177/0962280209105015,0
7613639,Screening for stratification in two-phase ('two-stage') epidemiological surveys,"Pickles A, Dunn G, Vázquez-Barquero JL.",Stat Methods Med Res. 1995 Mar;4(1):73-89. doi: 10.1177/096228029500400106.,Pickles A,Stat Methods Med Res,1995,3/1/1995,,,10.1177/096228029500400106,0
25411323,A stepped wedge design for testing an effect of intranasal insulin on cognitive development of children with Phelan-McDermid syndrome: A comparison of different designs,"Van den Heuvel ER, Zwanenburg RJ, Van Ravenswaaij-Arts CM.",Stat Methods Med Res. 2017 Apr;26(2):766-775. doi: 10.1177/0962280214558864. Epub 2014 Nov 19.,Van den Heuvel ER,Stat Methods Med Res,2017,########,,,10.1177/0962280214558864,0
15807150,Statistical methods for HIV dynamic studies in AIDS clinical trials,Wu H.,Stat Methods Med Res. 2005 Apr;14(2):171-92. doi: 10.1191/0962280205sm390oa.,Wu H,Stat Methods Med Res,2005,4/6/2005,,,10.1191/0962280205sm390oa,0
9185291,On the EM algorithm for overdispersed count data,McLachlan GJ.,Stat Methods Med Res. 1997 Mar;6(1):76-98. doi: 10.1177/096228029700600106.,McLachlan GJ,Stat Methods Med Res,1997,3/1/1997,,,10.1177/096228029700600106,0
9803523,Clinical trials in psychiatry: background and statistical perspective,Johnson T.,Stat Methods Med Res. 1998 Sep;7(3):209-34. doi: 10.1177/096228029800700302.,Johnson T,Stat Methods Med Res,1998,########,,,10.1177/096228029800700302,0
1341662,Repeated assessment of risk factors in survival analysis,Andersen PK.,Stat Methods Med Res. 1992;1(3):297-315. doi: 10.1177/096228029200100305.,Andersen PK,Stat Methods Med Res,1992,1/1/1992,,,10.1177/096228029200100305,0
14746440,Functional data analysis in longitudinal settings using smoothing splines,Guo W.,Stat Methods Med Res. 2004 Feb;13(1):49-62. doi: 10.1191/0962280204sm352ra.,Guo W,Stat Methods Med Res,2004,########,,,10.1191/0962280204sm352ra,0
11084705,Some statistical issues in the design of HIV-1 vaccine and treatment trials,Gilbert PB.,Stat Methods Med Res. 2000 Jun;9(3):207-29. doi: 10.1177/096228020000900303.,Gilbert PB,Stat Methods Med Res,2000,########,,,10.1177/096228020000900303,0
10730336,Estimating the population impact of an intervention: a decision-analytic approach,"Hersh AL, Black WC, Tosteson AN.",Stat Methods Med Res. 1999 Dec;8(4):311-30. doi: 10.1177/096228029900800404.,Hersh AL,Stat Methods Med Res,1999,########,,,10.1177/096228029900800404,0
14599002,Wavelets and statistical analysis of functional magnetic resonance images of the human brain,"Bullmore E, Fadili J, Breakspear M, Salvador R, Suckling J, Brammer M.",Stat Methods Med Res. 2003 Oct;12(5):375-99. doi: 10.1191/0962280203sm339ra.,Bullmore E,Stat Methods Med Res,2003,########,,,10.1191/0962280203sm339ra,0
11191261,Statistical description of interrater variability in ordinal ratings,"Nelson JC, Pepe MS.",Stat Methods Med Res. 2000 Oct;9(5):475-96. doi: 10.1177/096228020000900505.,Nelson JC,Stat Methods Med Res,2000,########,,,10.1177/096228020000900505,0
1341660,Statistical methods for longitudinal and clustered designs with binary responses,Neuhaus JM.,Stat Methods Med Res. 1992;1(3):249-73. doi: 10.1177/096228029200100303.,Neuhaus JM,Stat Methods Med Res,1992,1/1/1992,,,10.1177/096228029200100303,0
15690999,A comparison of Bayesian spatial models for disease mapping,"Best N, Richardson S, Thomson A.",Stat Methods Med Res. 2005 Feb;14(1):35-59. doi: 10.1191/0962280205sm388oa.,Best N,Stat Methods Med Res,2005,2/5/2005,,,10.1191/0962280205sm388oa,0
34841975,Combining cox regressions across a heterogeneous distributed research network facing small and zero counts,"Schuemie MJ, Chen Y, Madigan D, Suchard MA.",Stat Methods Med Res. 2022 Mar;31(3):438-450. doi: 10.1177/09622802211060518. Epub 2021 Nov 29.,Schuemie MJ,Stat Methods Med Res,2022,########,,,10.1177/09622802211060518,0
11446148,A review of adjusted estimators of attributable risk,Benichou J.,Stat Methods Med Res. 2001 Jun;10(3):195-216. doi: 10.1177/096228020101000303.,Benichou J,Stat Methods Med Res,2001,########,,,10.1177/096228020101000303,0
1341663,"Analysing the temporal effects of age, period and cohort",Holford TR.,Stat Methods Med Res. 1992;1(3):317-37. doi: 10.1177/096228029200100306.,Holford TR,Stat Methods Med Res,1992,1/1/1992,,,10.1177/096228029200100306,0
35191780,A Bayesian phase I/II biomarker-based design for identifying subgroup-specific optimal dose for immunotherapy,"Guo B, Zang Y.",Stat Methods Med Res. 2022 Jun;31(6):1104-1119. doi: 10.1177/09622802221080753. Epub 2022 Feb 22.,Guo B,Stat Methods Med Res,2022,########,PMC9305985,NIHMS1823065,10.1177/09622802221080753,0
10347859,Maximum likelihood analysis of generalized linear models with missing covariates,"Horton NJ, Laird NM.",Stat Methods Med Res. 1999 Mar;8(1):37-50. doi: 10.1177/096228029900800104.,Horton NJ,Stat Methods Med Res,1999,########,,,10.1177/096228029900800104,0
10730335,Individually randomized intervention trials for disease prevention and control,"Anderson GL, Prentice RL.",Stat Methods Med Res. 1999 Dec;8(4):287-309. doi: 10.1177/096228029900800403.,Anderson GL,Stat Methods Med Res,1999,########,,,10.1177/096228029900800403,0
9447651,Statistical research needs in mechanistic modelling for carcinogenic risk assessment,"Portier C, el Masri H.",Stat Methods Med Res. 1997 Dec;6(4):305-15. doi: 10.1177/096228029700600402.,Portier C,Stat Methods Med Res,1997,2/3/1998,,,10.1177/096228029700600402,0
9339498,The analysis of functional magnetic resonance images,"Rabe-Hesketh S, Bullmore ET, Brammer MJ.",Stat Methods Med Res. 1997 Sep;6(3):215-37. doi: 10.1177/096228029700600303.,Rabe-Hesketh S,Stat Methods Med Res,1997,########,,,10.1177/096228029700600303,0
17715159,Mendelian randomization as an instrumental variable approach to causal inference,"Didelez V, Sheehan N.",Stat Methods Med Res. 2007 Aug;16(4):309-30. doi: 10.1177/0962280206077743.,Didelez V,Stat Methods Med Res,2007,########,,,10.1177/0962280206077743,0
37519295,Statistical assessment of biomarker replicability using MAJAR method,"Xie Y, Zhai S, Jiang W, Zhao H, Mehrotra DV, Shen J.",Stat Methods Med Res. 2023 Oct;32(10):1961-1972. doi: 10.1177/09622802231188519. Epub 2023 Jul 31.,Xie Y,Stat Methods Med Res,2023,########,,,10.1177/09622802231188519,0
14599004,Controlling the familywise error rate in functional neuroimaging: a comparative review,"Nichols T, Hayasaka S.",Stat Methods Med Res. 2003 Oct;12(5):419-46. doi: 10.1191/0962280203sm341ra.,Nichols T,Stat Methods Med Res,2003,########,,,10.1191/0962280203sm341ra,0
37284817,An overview of optimal designs under a given budget in cluster randomized trials with a binary outcome,"Liu J, Liu L, James AS, Colditz GA.",Stat Methods Med Res. 2023 Jul;32(7):1420-1441. doi: 10.1177/09622802231172026. Epub 2023 Jun 7.,Liu J,Stat Methods Med Res,2023,6/7/2023,,,10.1177/09622802231172026,0
8931195,The use of sampling weights for survey data analysis,Pfeffermann D.,Stat Methods Med Res. 1996 Sep;5(3):239-61. doi: 10.1177/096228029600500303.,Pfeffermann D,Stat Methods Med Res,1996,9/1/1996,,,10.1177/096228029600500303,0
11923994,Analysing longitudinal continuous quality of life data with dropout,"Curran D, Molenberghs G, Aaronson NK, Fossa SD, Sylvester RJ.",Stat Methods Med Res. 2002 Feb;11(1):5-23. doi: 10.1191/0962280202sm270ra.,Curran D,Stat Methods Med Res,2002,4/2/2002,,,10.1191/0962280202sm270ra,0
14653354,Meta-analyses involving cluster randomization trials: a review of published literature in health care,Laopaiboon M.,Stat Methods Med Res. 2003 Dec;12(6):515-30. doi: 10.1191/0962280203sm347oa.,Laopaiboon M,Stat Methods Med Res,2003,########,,,10.1191/0962280203sm347oa,0
37491804,A flexible micro-randomized trial design and sample size considerations,"Xu J, Yan X, Figueroa C, Williams JJ, Chakraborty B.",Stat Methods Med Res. 2023 Sep;32(9):1766-1783. doi: 10.1177/09622802231188513. Epub 2023 Jul 25.,Xu J,Stat Methods Med Res,2023,########,,,10.1177/09622802231188513,0
15587434,Multivariate distributions of clinical covariates at the time of cancer detection,"Hanin LG, Yakovlev AY.",Stat Methods Med Res. 2004 Dec;13(6):457-89. doi: 10.1191/0962280204sm378ra.,Hanin LG,Stat Methods Med Res,2004,########,,,10.1191/0962280204sm378ra,0
1341657,Measurement of reliability for categorical data in medical research,Kraemer HC.,Stat Methods Med Res. 1992;1(2):183-99. doi: 10.1177/096228029200100204.,Kraemer HC,Stat Methods Med Res,1992,1/1/1992,,,10.1177/096228029200100204,0
8931196,Modelling the sampling design in the analysis of health surveys,"Graubard BI, Korn EL.",Stat Methods Med Res. 1996 Sep;5(3):263-81. doi: 10.1177/096228029600500304.,Graubard BI,Stat Methods Med Res,1996,9/1/1996,,,10.1177/096228029600500304,0
20231370,Multi-state Markov models in cancer screening evaluation: a brief review and case study,"Uhry Z, Hédelin G, Colonna M, Asselain B, Arveux P, Rogel A, Exbrayat C, Guldenfels C, Courtial I, Soler-Michel P, Molinié F, Eilstein D, Duffy SW.",Stat Methods Med Res. 2010 Oct;19(5):463-86. doi: 10.1177/0962280209359848. Epub 2010 Mar 15.,Uhry Z,Stat Methods Med Res,2010,########,,,10.1177/0962280209359848,0
8817795,Mixture models in haematology: a series of case studies,McLaren CE.,Stat Methods Med Res. 1996 Jun;5(2):129-53. doi: 10.1177/096228029600500203.,McLaren CE,Stat Methods Med Res,1996,6/1/1996,,,10.1177/096228029600500203,0
8044351,Some computational and statistical tools for paired comparisons of digital images,Lange N.,Stat Methods Med Res. 1994;3(1):23-40. doi: 10.1177/096228029400300103.,Lange N,Stat Methods Med Res,1994,1/1/1994,,,10.1177/096228029400300103,0
8261249,Statistical models for estimating prevalence and incidence of parasitic diseases,"de Vlas SJ, Nagelkerke NJ, Habbema JD, van Oortmarssen GJ.",Stat Methods Med Res. 1993;2(1):3-21. doi: 10.1177/096228029300200102.,de Vlas SJ,Stat Methods Med Res,1993,1/1/1993,,,10.1177/096228029300200102,0
11084708,Disease surveillance and data collection issues in epidemic modelling,"Solomon PJ, Isham VS.",Stat Methods Med Res. 2000 Jun;9(3):259-77. doi: 10.1177/096228020000900306.,Solomon PJ,Stat Methods Med Res,2000,########,,,10.1177/096228020000900306,0
11338335,Mathematical biology and medical statistics: contributions to the understanding of AIDS epidemiology,"Donnelly CA, Cox DR.",Stat Methods Med Res. 2001 Apr;10(2):141-54. doi: 10.1177/096228020101000205.,Donnelly CA,Stat Methods Med Res,2001,5/8/2001,,,10.1177/096228020101000205,0
17925312,Randomized trials for the real world: making as few and as reasonable assumptions as possible,"Baker SG, Kramer BS.",Stat Methods Med Res. 2008 Jun;17(3):243-52. doi: 10.1177/0962280207080640. Epub 2007 Oct 9.,Baker SG,Stat Methods Med Res,2008,########,,,10.1177/0962280207080640,0
32703124,Relative efficiencies of alternative preference-based designs for randomised trials,"Walter SD, Bian M.",Stat Methods Med Res. 2020 Dec;29(12):3783-3803. doi: 10.1177/0962280220941874. Epub 2020 Jul 23.,Walter SD,Stat Methods Med Res,2020,########,,,10.1177/0962280220941874,0
11923992,Simultaneous analysis of quality of life and survival data,"Billingham LJ, Abrams KR.",Stat Methods Med Res. 2002 Feb;11(1):25-48. doi: 10.1191/0962280202sm269ra.,Billingham LJ,Stat Methods Med Res,2002,4/2/2002,,,10.1191/0962280202sm269ra,0
8261248,The estimation of the basic reproduction number for infectious diseases,Dietz K.,Stat Methods Med Res. 1993;2(1):23-41. doi: 10.1177/096228029300200103.,Dietz K,Stat Methods Med Res,1993,1/1/1993,,,10.1177/096228029300200103,0
11084704,Ethics of medical research in developing countries: the role of international codes of conduct,Hutton JL.,Stat Methods Med Res. 2000 Jun;9(3):185-206. doi: 10.1177/096228020000900302.,Hutton JL,Stat Methods Med Res,2000,########,,,10.1177/096228020000900302,0
20200199,Combining longitudinal discriminant analysis and partial area under the ROC curve to predict non-response to treatment for hepatitis C virus,"Lukasiewicz E, Gorfine M, Neumann AU, Freedman LS.",Stat Methods Med Res. 2011 Jun;20(3):275-89. doi: 10.1177/0962280209341624. Epub 2010 Mar 3.,Lukasiewicz E,Stat Methods Med Res,2011,3/5/2010,,,10.1177/0962280209341624,0
35469504,Combining individual patient data from randomized and non-randomized studies to predict real-world effectiveness of interventions,"Seo M, Debray TP, Ruffieux Y, Gsteiger S, Bujkiewicz S, Finckh A, Egger M, Efthimiou O.",Stat Methods Med Res. 2022 Jul;31(7):1355-1373. doi: 10.1177/09622802221090759. Epub 2022 Apr 26.,Seo M,Stat Methods Med Res,2022,########,PMC9251754,,10.1177/09622802221090759,0
10347858,Applications of multiple imputation in medical studies: from AIDS to NHANES,"Barnard J, Meng XL.",Stat Methods Med Res. 1999 Mar;8(1):17-36. doi: 10.1177/096228029900800103.,Barnard J,Stat Methods Med Res,1999,########,,,10.1177/096228029900800103,0
9654639,Difficulties in assessing the relationship between passive smoking and lung cancer,Lee PN.,Stat Methods Med Res. 1998 Jun;7(2):137-63. doi: 10.1177/096228029800700204.,Lee PN,Stat Methods Med Res,1998,7/9/1998,,,10.1177/096228029800700204,0
11084713,Data mining in brain imaging,"Megalooikonomou V, Ford J, Shen L, Makedon F, Saykin A.",Stat Methods Med Res. 2000 Aug;9(4):359-94. doi: 10.1177/096228020000900404.,Megalooikonomou V,Stat Methods Med Res,2000,########,,,10.1177/096228020000900404,0
8261258,Variance components for statistical genetics: applications in medical research to characteristics related to human diseases and health,Hopper JL.,Stat Methods Med Res. 1993;2(3):199-223. doi: 10.1177/096228029300200302.,Hopper JL,Stat Methods Med Res,1993,1/1/1993,,,10.1177/096228029300200302,0
34903098,Modeling treatment effect modification in multidrug-resistant tuberculosis in an individual patientdata meta-analysis,"Liu Y, Schnitzer ME, Wang G, Kennedy E, Viiklepp P, Vargas MH, Sotgiu G, Menzies D, Benedetti A.",Stat Methods Med Res. 2022 Apr;31(4):689-705. doi: 10.1177/09622802211046383. Epub 2021 Dec 13.,Liu Y,Stat Methods Med Res,2022,########,PMC8961254,,10.1177/09622802211046383,1
17715161,Markov transition models for binary repeated measures with ignorable and nonignorable missing values,"Xiaowei Yang, Shoptaw S, Kun Nie, Juanmei Liu, Belin TR.",Stat Methods Med Res. 2007 Aug;16(4):347-64. doi: 10.1177/0962280206071843.,Xiaowei Yang,Stat Methods Med Res,2007,########,,,10.1177/0962280206071843,0
9447653,An introduction to the use of physiologically based pharmacokinetic models in risk assessment,"Bailer AJ, Dankovic DA.",Stat Methods Med Res. 1997 Dec;6(4):341-58. doi: 10.1177/096228029700600404.,Bailer AJ,Stat Methods Med Res,1997,2/3/1998,,,10.1177/096228029700600404,0
18445697,"Reducing the effects of lead-time bias, length bias and over-detection in evaluating screening mammography: a censored bivariate data approach","Mahnken JD, Chan W, Freeman DH Jr, Freeman JL.",Stat Methods Med Res. 2008 Dec;17(6):643-63. doi: 10.1177/0962280207087309. Epub 2008 Apr 29.,Mahnken JD,Stat Methods Med Res,2008,5/1/2008,,,10.1177/0962280207087309,0
7582203,"Spatial heterogeneity, nonlinear dynamics and chaos in infectious diseases","Grenfell BT, Kleczkowski A, Gilligan CA, Bolker BM.",Stat Methods Med Res. 1995 Jun;4(2):160-83. doi: 10.1177/096228029500400205.,Grenfell BT,Stat Methods Med Res,1995,6/1/1995,,,10.1177/096228029500400205,0
17089946,Virtual surveillance of communicable diseases: a 20-year experience in France,"Flahault A, Blanchon T, Dorléans Y, Toubiana L, Vibert JF, Valleron AJ.",Stat Methods Med Res. 2006 Oct;15(5):413-21. doi: 10.1177/0962280206071639.,Flahault A,Stat Methods Med Res,2006,########,,,10.1177/0962280206071639,0
36217826,Shotgun-2: A Bayesian phase I/II basket trial design to identify indication-specific optimal biological doses,"Chen X, Zhang J, Jiang L, Yan F.",Stat Methods Med Res. 2023 Mar;32(3):443-464. doi: 10.1177/09622802221129049. Epub 2022 Oct 11.,Chen X,Stat Methods Med Res,2023,########,,,10.1177/09622802221129049,0
9339499,"The registration of multiple medical images acquired from a single subject: why, how, what next?","Little JA, Hawkes DJ.",Stat Methods Med Res. 1997 Sep;6(3):239-65. doi: 10.1177/096228029700600304.,Little JA,Stat Methods Med Res,1997,########,,,10.1177/096228029700600304,0
36082955,"Power prior models for estimating response rates in a small n, sequential, multiple assignment, randomized trial","Chao YC, Braun TM, Tamura RN, Kidwell KM.",Stat Methods Med Res. 2022 Dec;31(12):2297-2309. doi: 10.1177/09622802221122795. Epub 2022 Sep 9.,Chao YC,Stat Methods Med Res,2022,9/9/2022,,,10.1177/09622802221122795,0
11084706,Diagnostic test analyses in search of their gold standard: latent class analyses with random effects,"Goetghebeur E, Liinev J, Boelaert M, Van der Stuyft P.",Stat Methods Med Res. 2000 Jun;9(3):231-48. doi: 10.1177/096228020000900304.,Goetghebeur E,Stat Methods Med Res,2000,########,,,10.1177/096228020000900304,0
26994211,Extrapolation of efficacy and other data to support the development of new medicines for children: A systematic review of methods,"Wadsworth I, Hampson LV, Jaki T.",Stat Methods Med Res. 2018 Feb;27(2):398-413. doi: 10.1177/0962280216631359. Epub 2016 Mar 17.,Wadsworth I,Stat Methods Med Res,2018,########,,,10.1177/0962280216631359,0
33504274,A Bayesian dose-response meta-analysis model: A simulations study and application,"Hamza T, Cipriani A, Furukawa TA, Egger M, Orsini N, Salanti G.",Stat Methods Med Res. 2021 May;30(5):1358-1372. doi: 10.1177/0962280220982643. Epub 2021 Jan 27.,Hamza T,Stat Methods Med Res,2021,########,PMC8209313,,10.1177/0962280220982643,1
10347860,Parametric models for incomplete continuous and categorical longitudinal data,"Kenward MG, Molenberghs G.",Stat Methods Med Res. 1999 Mar;8(1):51-83. doi: 10.1177/096228029900800105.,Kenward MG,Stat Methods Med Res,1999,########,,,10.1177/096228029900800105,0
36924263,Linear mixed models for investigating effect modification in subgroup meta-analysis,"Sørensen AL, Marschner IC.",Stat Methods Med Res. 2023 May;32(5):994-1009. doi: 10.1177/09622802231163330. Epub 2023 Mar 16.,Sørensen AL,Stat Methods Med Res,2023,########,,,10.1177/09622802231163330,1
17925313,"The Biomarker-Surrogacy Evaluation Schema: a review of the biomarker-surrogate literature and a proposal for a criterion-based, quantitative, multidimensional hierarchical levels of evidence schema for evaluating the status of biomarkers as surrogate endpoints",Lassere MN.,Stat Methods Med Res. 2008 Jun;17(3):303-40. doi: 10.1177/0962280207082719. Epub 2007 Oct 9.,Lassere MN,Stat Methods Med Res,2008,########,,,10.1177/0962280207082719,0
9185287,The EM algorithm and medical studies: a historical link,Meng XL.,Stat Methods Med Res. 1997 Mar;6(1):3-23. doi: 10.1177/096228029700600102.,Meng XL,Stat Methods Med Res,1997,3/1/1997,,,10.1177/096228029700600102,0
10946429,Design and analysis issues in cluster-randomized trials of interventions against infectious diseases,"Hayes RJ, Alexander ND, Bennett S, Cousens SN.",Stat Methods Med Res. 2000 Apr;9(2):95-116. doi: 10.1177/096228020000900203.,Hayes RJ,Stat Methods Med Res,2000,########,,,10.1177/096228020000900203,0
8044354,Statistical methods in neuroimaging with particular application to emission tomography,"McColl JH, Holmes AP, Ford I.",Stat Methods Med Res. 1994;3(1):63-86. doi: 10.1177/096228029400300105.,McColl JH,Stat Methods Med Res,1994,1/1/1994,,,10.1177/096228029400300105,0
8743078,Spectral analysis of clinical signals: an interface between medical statisticians and medical engineers,Campbell MJ.,Stat Methods Med Res. 1996 Mar;5(1):51-66. doi: 10.1177/096228029600500104.,Campbell MJ,Stat Methods Med Res,1996,3/1/1996,,,10.1177/096228029600500104,0
35044255,Challenges of modelling approaches for network meta-analysis of time-to-event outcomes in the presence of non-proportional hazards to aid decision making: Application to a melanoma network,"Freeman SC, Cooper NJ, Sutton AJ, Crowther MJ, Carpenter JR, Hawkins N.",Stat Methods Med Res. 2022 May;31(5):839-861. doi: 10.1177/09622802211070253. Epub 2022 Jan 19.,Freeman SC,Stat Methods Med Res,2022,########,PMC9014691,,10.1177/09622802211070253,1
17925318,Disciplined analyses in clinical trials: the dark heart of the matter,Moyé LA.,Stat Methods Med Res. 2008 Jun;17(3):253-64. doi: 10.1177/0962280207080641. Epub 2007 Oct 9.,Moyé LA,Stat Methods Med Res,2008,########,,,10.1177/0962280207080641,0
11697227,Adaptive designs for binary treatment responses in phase III clinical trials: controversies and progress,Biswas A.,Stat Methods Med Res. 2001 Oct;10(5):353-64. doi: 10.1177/096228020101000504.,Biswas A,Stat Methods Med Res,2001,########,,,10.1177/096228020101000504,0
34554015,Optimal allocation to treatments in a sequential multiple assignment randomized trial,"Morciano A, Moerbeek M.",Stat Methods Med Res. 2021 Nov;30(11):2471-2484. doi: 10.1177/09622802211037066. Epub 2021 Sep 23.,Morciano A,Stat Methods Med Res,2021,########,PMC8649474,,10.1177/09622802211037066,0
12939098,Review of analytical methods for prospective cohort studies using time to event data: single studies and implications for meta-analysis,Bennett DA.,Stat Methods Med Res. 2003 Aug;12(4):297-319. doi: 10.1191/0962280203sm319ra.,Bennett DA,Stat Methods Med Res,2003,########,,,10.1191/0962280203sm319ra,1
11338336,The impact of the AIDS epidemic on medical statistics,Donnelly CA.,Stat Methods Med Res. 2001 Apr;10(2):83-4. doi: 10.1177/096228020101000201.,Donnelly CA,Stat Methods Med Res,2001,5/8/2001,,,10.1177/096228020101000201,0
8261257,Controversies in meta-analysis: the case of the trials of serum cholesterol reduction,Thompson SG.,Stat Methods Med Res. 1993;2(2):173-92. doi: 10.1177/096228029300200205.,Thompson SG,Stat Methods Med Res,1993,1/1/1993,,,10.1177/096228029300200205,1
37589088,Does it decay? Obtaining decaying correlation parameter values from previously analysed cluster randomised trials,"Kasza J, Bowden R, Ouyang Y, Taljaard M, Forbes AB.",Stat Methods Med Res. 2023 Nov;32(11):2123-2134. doi: 10.1177/09622802231194753. Epub 2023 Aug 17.,Kasza J,Stat Methods Med Res,2023,########,PMC10683336,,10.1177/09622802231194753,0
15587437,Diversity of model approaches for breast cancer screening: a review of model assumptions by the Cancer Intervention and Surveillance Network (CISNET) Breast Cancer Groups,"Boer R, Plevritis S, Clarke L.",Stat Methods Med Res. 2004 Dec;13(6):525-38. doi: 10.1191/0962280204sm381ra.,Boer R,Stat Methods Med Res,2004,########,,,10.1191/0962280204sm381ra,0
32223524,Improved two-stage estimation to adjust for treatment switching in randomised trials: g-estimation to address time-dependent confounding,"Latimer NR, White IR, Tilling K, Siebert U.",Stat Methods Med Res. 2020 Oct;29(10):2900-2918. doi: 10.1177/0962280220912524. Epub 2020 Mar 30.,Latimer NR,Stat Methods Med Res,2020,4/1/2020,PMC7436445,,10.1177/0962280220912524,0
34931917,Meta-analysis of the severe acute respiratory syndrome coronavirus 2 serial intervals and the impact of parameter uncertainty on the coronavirus disease 2019 reproduction number,"Challen R, Brooks-Pollock E, Tsaneva-Atanasova K, Danon L.",Stat Methods Med Res. 2022 Sep;31(9):1686-1703. doi: 10.1177/09622802211065159. Epub 2021 Dec 21.,Challen R,Stat Methods Med Res,2022,########,PMC9465543,,10.1177/09622802211065159,1
34632882,Conditional copula models for correlated survival endpoints: Individual patient data meta-analysis of randomized controlled trials,"Emura T, Sofeu CL, Rondeau V.",Stat Methods Med Res. 2021 Dec;30(12):2634-2650. doi: 10.1177/09622802211046390. Epub 2021 Oct 9.,Emura T,Stat Methods Med Res,2021,########,,,10.1177/09622802211046390,1
8044355,Metabolic images from dynamic positron emission tomography studies,O'Sullivan F.,Stat Methods Med Res. 1994;3(1):87-101. doi: 10.1177/096228029400300106.,O'Sullivan F,Stat Methods Med Res,1994,1/1/1994,,,10.1177/096228029400300106,0
33749386,Mediation effects that emulate a target randomised trial: Simulation-based evaluation of ill-defined interventions on multiple mediators,"Moreno-Betancur M, Moran P, Becker D, Patton GC, Carlin JB.",Stat Methods Med Res. 2021 Jun;30(6):1395-1412. doi: 10.1177/0962280221998409. Epub 2021 Mar 20.,Moreno-Betancur M,Stat Methods Med Res,2021,########,PMC8371283,,10.1177/0962280221998409,0
35786070,"Statistical methods used to combine the effective reproduction number, [Formula: see text], and other related measures of COVID-19 in the UK","Maishman T, Schaap S, Silk DS, Nevitt SJ, Woods DC, Bowman VE.",Stat Methods Med Res. 2022 Sep;31(9):1757-1777. doi: 10.1177/09622802221109506. Epub 2022 Jul 3.,Maishman T,Stat Methods Med Res,2022,7/5/2022,PMC9260197,,10.1177/09622802221109506,0
32955403,"Extending the I-squared statistic to describe treatment effect heterogeneity in cluster, multi-centre randomized trials and individual patient data meta-analysis","Hemming K, Hughes JP, McKenzie JE, Forbes AB.",Stat Methods Med Res. 2021 Feb;30(2):376-395. doi: 10.1177/0962280220948550. Epub 2020 Sep 21.,Hemming K,Stat Methods Med Res,2021,########,PMC8173367,,10.1177/0962280220948550,1
32193992,A threshold linear mixed model for identification of treatment-sensitive subsets in a clinical trial based on longitudinal outcomes and a continuous covariate,"Ge X, Peng Y, Tu D.",Stat Methods Med Res. 2020 Oct;29(10):2919-2931. doi: 10.1177/0962280220912772. Epub 2020 Mar 20.,Ge X,Stat Methods Med Res,2020,########,,,10.1177/0962280220912772,0
28067121,Clinical dose-response for a broad set of biological products: A model-based meta-analysis,"Wu J, Banerjee A, Jin B, Menon SM, Martin SW, Heatherington AC.",Stat Methods Med Res. 2018 Sep;27(9):2694-2721. doi: 10.1177/0962280216684528. Epub 2017 Jan 8.,Wu J,Stat Methods Med Res,2018,########,,,10.1177/0962280216684528,1
9654641,"Cigarette smoking prevalence, cessation and relapse",Stapleton J.,Stat Methods Med Res. 1998 Jun;7(2):187-203. doi: 10.1177/096228029800700206.,Stapleton J,Stat Methods Med Res,1998,7/9/1998,,,10.1177/096228029800700206,0
8261251,AIDS: the statistical basis for public health,"De Angelis D, Day NE, Gore SM, Gilks WR, McGee MA.",Stat Methods Med Res. 1993;2(1):75-91. doi: 10.1177/096228029300200105.,De Angelis D,Stat Methods Med Res,1993,1/1/1993,,,10.1177/096228029300200105,0
26994212,Modelling the distribution of health-related quality of life of advanced melanoma patients in a longitudinal multi-centre clinical trial using M-quantile random effects regression,"Borgoni R, Del Bianco P, Salvati N, Schmid T, Tzavidis N.",Stat Methods Med Res. 2018 Feb;27(2):549-563. doi: 10.1177/0962280216636651. Epub 2016 Mar 17.,Borgoni R,Stat Methods Med Res,2018,########,,,10.1177/0962280216636651,0
28090814,Personalized dynamic prediction of death according to tumour progression and high-dimensional genetic factors: Meta-analysis with a joint model,"Emura T, Nakatochi M, Matsui S, Michimae H, Rondeau V.",Stat Methods Med Res. 2018 Sep;27(9):2842-2858. doi: 10.1177/0962280216688032. Epub 2017 Jan 16.,Emura T,Stat Methods Med Res,2018,########,,,10.1177/0962280216688032,1
14599005,What can modern statistics offer imaging neuroscience?,Lange N.,Stat Methods Med Res. 2003 Oct;12(5):447-69. doi: 10.1191/0962280203sm342ra.,Lange N,Stat Methods Med Res,2003,########,,,10.1191/0962280203sm342ra,0
37489267,Using short-term endpoints to improve interim decision making and trial duration in two-stage phase II trials with nested binary endpoints,"Zocholl D, Kunz CU, Rauch G.",Stat Methods Med Res. 2023 Sep;32(9):1749-1765. doi: 10.1177/09622802231188515. Epub 2023 Jul 25.,Zocholl D,Stat Methods Med Res,2023,########,PMC10540486,,10.1177/09622802231188515,0
9533262,Statistical methods for population pharmacokinetic modelling,"Racine-Poon A, Wakefield J.",Stat Methods Med Res. 1998 Mar;7(1):63-84. doi: 10.1177/096228029800700106.,Racine-Poon A,Stat Methods Med Res,1998,4/9/1998,,,10.1177/096228029800700106,0
23267027,Meta-analysis of two-arm studies: Modeling the intervention effect from survival probabilities,"Combescure C, Courvoisier DS, Haller G, Perneger TV.",Stat Methods Med Res. 2016 Apr;25(2):857-71. doi: 10.1177/0962280212469716. Epub 2012 Dec 24.,Combescure C,Stat Methods Med Res,2016,########,,,10.1177/0962280212469716,1
7613638,A review of the technical features of breast cancer screening illustrated by a specific model using South Australian cancer registry data,"O'Neill TJ, Tallis GM, Leppard P.",Stat Methods Med Res. 1995 Mar;4(1):55-72. doi: 10.1177/096228029500400105.,O'Neill TJ,Stat Methods Med Res,1995,3/1/1995,,,10.1177/096228029500400105,0
12197300,Inferences about population means of health care costs,Zhou XH.,Stat Methods Med Res. 2002 Aug;11(4):327-39. doi: 10.1191/0962280202sm290ra.,Zhou XH,Stat Methods Med Res,2002,########,,,10.1191/0962280202sm290ra,0
12094757,Techniques for incorporating longitudinal measurements into analyses of survival data from clinical trials,Troxel AB.,Stat Methods Med Res. 2002 Jun;11(3):237-45. doi: 10.1191/0962280202sm285ra.,Troxel AB,Stat Methods Med Res,2002,7/4/2002,,,10.1191/0962280202sm285ra,0
26988929,"Bayesian bivariate meta-analysis of correlated effects: Impact of the prior distributions on the between-study correlation, borrowing of strength, and joint inferences","Burke DL, Bujkiewicz S, Riley RD.",Stat Methods Med Res. 2018 Feb;27(2):428-450. doi: 10.1177/0962280216631361. Epub 2016 Mar 17.,Burke DL,Stat Methods Med Res,2018,########,PMC5810917,,10.1177/0962280216631361,1
11329692,A chronology of fine-scale gene mapping by linkage disequilibrium,Lazzeroni LC.,Stat Methods Med Res. 2001 Feb;10(1):57-76. doi: 10.1177/096228020101000104.,Lazzeroni LC,Stat Methods Med Res,2001,5/2/2001,,,10.1177/096228020101000104,0
20639269,Improving self-report measures of medication non-adherence using a cheating detection extension of the randomised-response-technique,"Ostapczuk M, Musch J, Moshagen M.",Stat Methods Med Res. 2011 Oct;20(5):489-503. doi: 10.1177/0962280210372843. Epub 2010 Jul 16.,Ostapczuk M,Stat Methods Med Res,2011,########,,,10.1177/0962280210372843,0
22267546,Efficacy and suicidal risk for antidepressants in paediatric and adolescent patients,Julious SA.,Stat Methods Med Res. 2013 Apr;22(2):190-218. doi: 10.1177/0962280211432210. Epub 2012 Jan 19.,Julious SA,Stat Methods Med Res,2013,########,,,10.1177/0962280211432210,0
12939099,Use of a Markov transition model to analyse longitudinal low-back pain data,"Yu F, Morgenstern H, Hurwitz E, Berlin TR.",Stat Methods Med Res. 2003 Aug;12(4):321-31. doi: 10.1191/0962280203sm321ra.,Yu F,Stat Methods Med Res,2003,########,,,10.1191/0962280203sm321ra,0
10636335,The Bayesian analysis of a pivotal pharmacokinetic study,"Rahman NJ, Wakefield JC, Stephens DA, Falcoz C.",Stat Methods Med Res. 1999 Sep;8(3):195-216. doi: 10.1177/096228029900800303.,Rahman NJ,Stat Methods Med Res,1999,########,,,10.1177/096228029900800303,0
20716589,Meta-analysis of binary outcomes from two-by-two tables when the length of follow-up varies and hazards are proportional,"Combescure C, Courvoisier DS, Haller G, Perneger TV.",Stat Methods Med Res. 2011 Oct;20(5):531-40. doi: 10.1177/0962280210379172. Epub 2010 Aug 17.,Combescure C,Stat Methods Med Res,2011,########,,,10.1177/0962280210379172,1
22025414,A joint model for the dependence between clustered times to tumour progression and deaths: A meta-analysis of chemotherapy in head and neck cancer,"Rondeau V, Pignon JP, Michiels S; MACH-NC collaborative Group.",Stat Methods Med Res. 2015 Dec;24(6):711-29. doi: 10.1177/0962280211425578. Epub 2011 Oct 23.,Rondeau V,Stat Methods Med Res,2015,########,,,10.1177/0962280211425578,1
21177306,Bivariate random effects models for meta-analysis of comparative studies with binary outcomes: methods for the absolute risk difference and relative risk,"Chu H, Nie L, Chen Y, Huang Y, Sun W.",Stat Methods Med Res. 2012 Dec;21(6):621-33. doi: 10.1177/0962280210393712. Epub 2010 Dec 21.,Chu H,Stat Methods Med Res,2012,########,PMC3348438,NIHMS351256,10.1177/0962280210393712,1
10946430,Components of variance in a group-randomized trial analysed via a random-coefficients model: the Rapid Early Action for Coronary Treatment (REACT) trial,"Murray DM, Feldman HA, McGovern PG.",Stat Methods Med Res. 2000 Apr;9(2):117-33. doi: 10.1177/096228020000900204.,Murray DM,Stat Methods Med Res,2000,########,,,10.1177/096228020000900204,0
20696674,An exact method for link parameter estimation in error benchmarking: an application to Phase II two-stage single arm oncology trials,"Barnes CN, Rai SN.",Stat Methods Med Res. 2011 Oct;20(5):523-9. doi: 10.1177/0962280210379151. Epub 2010 Aug 9.,Barnes CN,Stat Methods Med Res,2011,########,,,10.1177/0962280210379151,0